OBJ,X,Y
1,103.9215,1.297888
2,103.9086,1.289736
3,103.9147,1.276007
4,103.9442,1.284674
